age,rad,medv,Predicted
84.1,5,23.6,22.662877032967167
32.9,4,32.4,27.10696338143366
98.8,4,13.6,21.7550095713998
7.8,4,22.8,29.145416198305433
91.8,24,16.1,16.604153287121683
74.5,5,20.0,23.442524325475894
83.2,4,17.8,23.02193642172648
93.6,4,14.0,22.177318521508695
90.7,24,19.6,16.693487872721644
79.7,6,16.8,22.73424792028038
93.8,5,21.5,21.87510841449481
85.9,5,18.9,22.51669316562178
100.0,24,7.0,15.938204558103815
53.7,5,21.2,25.131760125911466
